,muN,muEE,muLE,muLL,muM,muP,muPE,muPL,deltaNE,deltaEL,deltaLM,rhoE,rhoP,n,e,s,m,p
0,0.17996,1.8209,1.5384,1.9497,-0.14613,0.24173,-0.16296,0.55628,0.50496,-0.084886,-1.2331,0.65003,0.20013,0.16687,0.33276,0.1563,1.011,0.83303
