,muN,muEE,muLE,muLL,muM,muP,muPE,muPL,deltaNE,deltaEL,deltaLM,rhoE,rhoP,n,e,s,m,p
0,0.09062,0.68412,0.04327,0.038166,0.59238,0.33812,0.34576,0.66881,0.61818,0.42491,0.53974,0.74313,0.99478,0.16698,0.33293,0.7212,0.44579,0.83297
