,lm,d,beta,a,k,uu,c,q,b,h,x,yy,vv,w,z
0,0.042717,0.0001,1.0,0.31863,0.056988,0.48109,0.26821,0.68389,0.82504,0.90394,0.167,0.80476,0.028242,0.667,0.833
