,lm,d,beta,a,k,uu,c,q,b,h,x,yy,vv,w,z
0,0.064508,0.14829,0.02079,0.26386,0.0001,0.26718,0.63312,0.94841,0.80094,0.91754,0.16701,0.27373,0.55929,0.66699,0.83301
